[
    {
        "group": 1,
        "name": "白夜",
        "comment": "买正版游戏，就是在给自己向往的世界投资。"
    },
    {
        "group": 2,
        "name": "果てない雨"
    },
    {
        "group": 2,
        "name": "qwe凑斗光"
    },
    {
        "group": 2,
        "name": "星芒月幻"
    },
    {
        "group": 2,
        "name": "宇宙常数圆周率"
    },
    {
        "group": 2,
        "name": "当然是选择原谅她了"
    },
    {
        "group": 2,
        "name": "好好吃饭."
    },
    {
        "group": 2,
        "name": "加藤骑士"
    },
    {
        "group": 2,
        "name": "amy"
    },
    {
        "group": 2,
        "name": "zhaow"
    },
    {
        "group": 2,
        "name": "shiki"
    },
    {
        "group": 2,
        "name": "小羊"
    },
    {
        "group": 2,
        "name": "狂啸",
        "color": "#23238E"
    },
    {
        "group": 2,
        "name": "穆尔"
    },
    {
        "group": 2,
        "name": "北村·失恋大明神·佑作"
    },
    {
        "group": 2,
        "name": "好奶茶"
    },
    {
        "group": 2,
        "name": "鬼！"
    },
    {
        "group": 1,
        "name": "阿园",
        "comment": "我是嘉然小姐的狗"
    },
    {
        "group": 2,
        "name": "灬"
    },
    {
        "group": 2,
        "name": "枪之恶魔"
    },
    {
        "group": 2,
        "name": "黄胖子"
    },
    {
        "group": 2,
        "name": "丁丁炒面196"
    },
    {
        "group": 2,
        "name": "打个肉山盹"
    },
    {
        "group": 2,
        "name": "吱歪"
    },
    {
        "group": 2,
        "name": "changduangeng"
    },
    {
        "group": 2,
        "name": "八云碎"
    },
    {
        "group": 2,
        "name": " Lain音酱"
    },
    {
        "group": 1,
        "name": "A",
        "comment": "脑洞，记录每个人的灵感。"
    },
    {
        "group": 2,
        "name": " 热心网友影绰"
    },
    {
        "group": 2,
        "name": "然然"
    },
    {
        "group": 2,
        "name": "蛤迩斯特斯"
    },
    {
        "group": 2,
        "name": "石龙"
    },
    {
        "group": 2,
        "name": "Rouben"
    },
    {
        "group": 2,
        "name": "火星落日"
    },
    {
        "group": 2,
        "name": "我是个路人"
    },
    {
        "group": 2,
        "name": "大宝向前冲冲冲"
    },
    {
        "group": 2,
        "name": "失去的以前"
    },
    {
        "group": 2,
        "name": "小迷途哦"
    },
    {
        "group": 2,
        "name": "Rouben"
    },
    {
        "group": 2,
        "name": "七"
    },
    {
        "group": 2,
        "name": "爷只想要修仙"
    },
    {
        "group": 2,
        "name": "胖罐子胖摔"
    },
    {
        "group": 2,
        "name": "御坂零"
    },
    {
        "group": 2,
        "name": "会飞的煤球"
    },
    {
        "group": 2,
        "name": "hapemxg"
    },
    {
        "group": 2,
        "name": "贺开文"
    },
    {
        "group": 2,
        "name": "Paradox"
    },
    {
        "group": 2,
        "name": "王野"
    },
    {
        "group": 2,
        "name": "煋人"
    },
    {
        "group": 2,
        "name": "陌生人"
    },
    {
        "group": 2,
        "name": "玘宁"
    },
    {
        "group": 2,
        "name": "俊夫爱贺宁"
    },
    {
        "group": 2,
        "name": "一只大肥羊"
    },
    {
        "group": 2,
        "name": "骰一"
    },
    {
        "group": 2,
        "name": "优纪"
    },
    {
        "group": 2,
        "name": "金牛座小南"
    },
    {
        "group": 2,
        "name": "水墨苍穹"
    },
    {
        "group": 2,
        "name": "konoMozartda！"
    },
    {
        "group": 2,
        "name": "10thD"
    },
    {
        "group": 2,
        "name": "Allen Slettes"
    },
    {
        "group": 2,
        "name": "槐明清雪"
    },
    {
        "group": 2,
        "name": "古米廖夫Offical"
    },
    {
        "group": 2,
        "name": "Aruupaka"
    },
    {
        "group": 2,
        "name": "KNK"
    },
    {
        "group": 2,
        "name": " 空白永不败北"
    },
    {
        "group": 2,
        "name": "过多久"
    },
    {
        "group": 2,
        "name": "春夏"
    },
    {
        "group": 2,
        "name": "与扇皆落"
    },
    {
        "group": 2,
        "name": "乌兰洛娃"
    },
    {
        "group": 2,
        "name": "贝多布芬"
    },
    {
        "group": 2,
        "name": "心态棒棒"
    },
    {
        "group": 2,
        "name": "木头"
    },
    {
        "group": 2,
        "name": "松之道"
    },
    {
        "group": 2,
        "name": "和林七友"
    },
    {
        "group": 1,
        "name": "indigle",
        "comment": "Bronies,bronies everywhere."
    },
    {
        "group": 2,
        "name": "Simple森破"
    },
    {
        "group": 2,
        "name": "阿凡达搞葫芦娃"
    },
    {
        "group": 2,
        "name": "林海"
    },
    {
        "group": 2,
        "name": "米-Maons"
    },
    {
        "group": 2,
        "name": "Lenny"
    },
    {
        "group": 1,
        "name": "人生苦短",
        "comment": "生活可以失去很多，但沙雕不能丢失。愿快乐长存"
    },
    {
        "group": 2,
        "name": "kkr"
    },
    {
        "group": 2,
        "name": "kamuXiY"
    },
    {
        "group": 2,
        "name": "DKLucy"
    },
    {
        "group": 2,
        "name": "金闪闪yyds"
    },
    {
        "group": 2,
        "name": "Devil"
    },
    {
        "group": 2,
        "name": "君漪"
    },
    {
        "group": 2,
        "name": "小明皮痒求锤"
    },
    {
        "group": 2,
        "name": "夏戀雪"
    },
    {
        "group": 2,
        "name": "ap0000"
    },
    {
        "group": 2,
        "name": "晴蓝茶陌"
    },
    {
        "group": 2,
        "name": "黎黎要早睡"
    },
    {
        "group": 2,
        "name": "L3Yi"
    },
    {
        "group": 2,
        "name": "冬瓜汤圆"
    },
    {
        "group": 2,
        "name": "漩涡派大星"
    },
    {
        "group": 2,
        "name": "神丶暴龙战士灬张杨"
    },
    {
        "group": 2,
        "name": "NovaDNG"
    },
    {
        "group": 2,
        "name": "千梦天宇"
    },
    {
        "group": 2,
        "name": "霸，霸宋"
    },
    {
        "group": 2,
        "name": "棠椿庭"
    },
    {
        "group": 2,
        "name": "卷心菜"
    },
    {
        "group": 2,
        "name": "鸡神"
    },
    {
        "group": 2,
        "name": "leavatain"
    },
    {
        "group": 2,
        "name": "南溪潇湘"
    },
    {
        "group": 2,
        "name": "弥夏"
    },
    {
        "group": 2,
        "name": "午安僵尸"
    },
    {
        "group": 2,
        "name": "抹茶菠萝包"
    },
    {
        "group": 2,
        "name": "血溅未央"
    },
    {
        "group": 1,
        "name": "千层蛋糕",
        "comment": "如果可以，请拾起年少时的幻想与疯狂，那是生活不曾亏待于我们的证明"
    },
    {
        "group": 1,
        "name": "零下热情",
        "comment": "作者真给力，游戏真稀奇"
    },
    {
        "group": 2,
        "name": "淼"
    },
    {
        "group": 2,
        "name": "呆了个呆"
    },
    {
        "group": 2,
        "name": "天一方"
    },
    {
        "group": 2,
        "name": "冰棍雪糕"
    },
    {
        "group": 2,
        "name": "番茄一碗"
    },
    {
        "group": 2,
        "name": "我也不知道"
    },
    {
        "group": 2,
        "name": "江子川"
    },
    {
        "group": 2,
        "name": "嘿嘿567"
    },
    {
        "group": 2,
        "name": "Undead恩赐"
    },
    {
        "group": 1,
        "name": "安德拉",
        "comment": "我年轻的时候，也曾快马加鞭，看尽长安花。一一jx3金主"
    },
    {
        "group": 2,
        "name": "rua宝rua宝rua"
    },
    {
        "group": 2,
        "name": "变成光出轨奶琳小姐"
    },
    {
        "group": 2,
        "name": "二哥没牛子"
    },
    {
        "group": 2,
        "name": "活在梦里"
    },
    {
        "group": 2,
        "name": "胖贼"
    },
    {
        "group": 2,
        "name": "wairy"
    },
    {
        "group": 2,
        "name": "尨图"
    },
    {
        "group": 2,
        "name": "哆啦xzx梦"
    },
    {
        "group": 2,
        "name": "符狸"
    },
    {
        "group": 2,
        "name": "吾名洛尉迟"
    },
    {
        "group": 2,
        "name": "Nybama"
    },
    {
        "group": 2,
        "name": "全体目光向我看齐"
    },
    {
        "group": 2,
        "name": "墨水"
    },
    {
        "group": 2,
        "name": "lkaiser"
    },
    {
        "group": 2,
        "name": " 鱿鱼有了忧郁症很犹豫"
    },
    {
        "group": 2,
        "name": "sky_sam"
    },
    {
        "group": 2,
        "name": "青天癞蛤蟆"
    },
    {
        "group": 2,
        "name": "六道神"
    },
    {
        "group": 2,
        "name": "Incubator"
    },
    {
        "group": 2,
        "name": "雨溟"
    },
    {
        "group": 1,
        "name": "印记",
        "comment": "特别感谢媳妇对我事业的支持。"
    },
    {
        "group": 2,
        "name": "草帽"
    },
    {
        "group": 2,
        "name": "好大只36"
    },
    {
        "group": 2,
        "name": "MissVIP_ms"
    },
    {
        "group": 2,
        "name": "拂晓"
    },
    {
        "group": 2,
        "name": "…"
    },
    {
        "group": 2,
        "name": "清岗"
    },
    {
        "group": 2,
        "name": "红尘多情客"
    },
    {
        "group": 2,
        "name": "Akily"
    },
    {
        "group": 2,
        "name": "工具人老衲"
    },
    {
        "group": 2,
        "name": "小爱"
    },
    {
        "group": 2,
        "name": "羊296"
    },
    {
        "group": 2,
        "name": "轻幻幻啊"
    },
    {
        "group": 2,
        "name": "Brinter"
    },
    {
        "group": 2,
        "name": "俗人"
    },
    {
        "group": 2,
        "name": "我大哥瀚青青"
    },
    {
        "group": 2,
        "name": "233号咸鱼"
    },
    {
        "group": 2,
        "name": "Leeeooo"
    },
    {
        "group": 2,
        "name": "阿泰格"
    },
    {
        "group": 2,
        "name": "⁣​ "
    },
    {
        "group": 2,
        "name": "老茶树菇"
    },
    {
        "group": 1,
        "name": "爱发电用户_fUH5",
        "comment": "若真的可以重来，那这次人生的意义不就变了吗？"
    },
    {
        "group": 2,
        "name": "Autumn_Loveworld"
    },
    {
        "group": 2,
        "name": "PPCC"
    },
    {
        "group": 2,
        "name": "白微瑕"
    },
    {
        "group": 1,
        "name": "瓜皮",
        "comment": "祝国内各位有梦想的独立游戏制作人一切顺利"
    },
    {
        "group": 1,
        "name": "可口可乐终身自费会员",
        "comment": "不吃香菜，多麻多辣，谢谢"
    },
    {
        "group": 1,
        "name": "瑞塔蒂德",
        "comment": "人活着就是为了小忍！！"
    },
    {
        "group": 2,
        "name": "大屁股裂"
    },
    {
        "group": 2,
        "name": "此事难知"
    },
    {
        "group": 2,
        "name": "PPCC"
    },
    {
        "group": 2,
        "name": "法国蓝"
    },
    {
        "group": 2,
        "name": "六一"
    },
    {
        "group": 2,
        "name": "弹剑而歌"
    },
    {
        "group": 2,
        "name": "八级大狂风"
    },
    {
        "group": 2,
        "name": "莫"
    },
    {
        "group": 2,
        "name": "阳"
    },
    {
        "group": 2,
        "name": "啊里巴巴"
    },
    {
        "group": 2,
        "name": "plp"
    },
    {
        "group": 2,
        "name": "3D智作工作室"
    },
    {
        "group": 2,
        "name": "陈睿柠檬什么时候熟啊"
    },
    {
        "group": 2,
        "name": "网络清纯少男"
    },
    {
        "group": 2,
        "name": "Aunotyal"
    },
    {
        "group": 2,
        "name": "毒萘"
    },
    {
        "group": 2,
        "name": "书山"
    },
    {
        "group": 2,
        "name": "莫璃yyds"
    },
    {
        "group": 2,
        "name": "霖与佳"
    },
    {
        "group": 2,
        "name": "活着到达梦想"
    },
    {
        "group": 1,
        "name": "乌君",
        "comment": "我们来玩一个游戏，规则是:不要看这条特别感谢 → 你输了。"
    },
    {
        "group": 2,
        "name": "邪恶的默默"
    },
    {
        "group": 2,
        "name": "悦"
    },
    {
        "group": 2,
        "name": "麝續"
    },
    {
        "group": 2,
        "name": "月崽今天好好睡觉了吗"
    },
    {
        "group": 2,
        "name": "卢本伟牛逼"
    },
    {
        "group": 2,
        "name": "三水"
    },
    {
        "group": 2,
        "name": "圣经上的子弹"
    },
    {
        "group": 2,
        "name": "finewk"
    },
    {
        "group": 2,
        "name": "MAMINO"
    },
    {
        "group": 2,
        "name": "大禹"
    },
    {
        "group": 2,
        "name": "PIMI想看子煜跳扇子舞"
    },
    {
        "group": 2,
        "name": "炁息"
    },
    {
        "group": 2,
        "name": "葡萄树"
    },
    {
        "group": 2,
        "name": "打外星人和僵尸"
    },
    {
        "group": 2,
        "name": "浮生如梦"
    },
    {
        "group": 2,
        "name": "槐序"
    },
    {
        "group": 2,
        "name": "颜苯Benzene"
    },
    {
        "group": 2,
        "name": "啊畅啊这是"
    },
    {
        "group": 2,
        "name": "Lyn"
    },
    {
        "group": 2,
        "name": "阿修"
    },
    {
        "group": 2,
        "name": "我欲成仙"
    },
    {
        "group": 2,
        "name": "苏巴提"
    },
    {
        "group": 1,
        "name": "层林字",
        "comment": "“愿和憨憨的一生可以“白头偕老”最后可以在“睡梦中牵着手安祥的离开这个世界”！并在下辈子保留“白头偕老”这个特性！"
    },
    {
        "group": 2,
        "name": "卫星冰咖啡"
    },
    {
        "group": 1,
        "name": "万里追风踏月",
        "comment": "游戏可以重开，人生再无重来。\r\n"
    },
    {
        "group": 2,
        "name": "憧憬"
    },
    {
        "group": 2,
        "name": "Mr.Paradox"
    },
    {
        "group": 2,
        "name": "月影十六夜"
    },
    {
        "group": 2,
        "name": "守护者威廉"
    },
    {
        "group": 2,
        "name": "爱因"
    },
    {
        "group": 2,
        "name": "没有橙子"
    },
    {
        "group": 2,
        "name": "冰凌君"
    },
    {
        "group": 2,
        "name": "无我"
    },
    {
        "group": 2,
        "name": "lxncyxf"
    },
    {
        "group": 2,
        "name": "发光的石头"
    },
    {
        "group": 1,
        "name": "祖传药丸收集者",
        "comment": "兄弟二人可否考虑创业，我给你们拉投资"
    },
    {
        "group": 2,
        "name": "神龙不长眼"
    },
    {
        "group": 2,
        "name": "川菜"
    },
    {
        "group": 2,
        "name": "涟墨柒子虚"
    },
    {
        "group": 2,
        "name": "祥瑞御兔"
    },
    {
        "group": 2,
        "name": "那么可爱当然是男孩子"
    },
    {
        "group": 2,
        "name": "小破孩儿"
    },
    {
        "group": 2,
        "name": "封封.FFFBoX"
    },
    {
        "group": 2,
        "name": "手扶拖拉机没有未来?"
    },
    {
        "group": 2,
        "name": "再见明日香"
    },
    {
        "group": 2,
        "name": "咸鱼"
    },
    {
        "group": 2,
        "name": "小猪和小蓉"
    },
    {
        "group": 2,
        "name": "水星"
    },
    {
        "group": 2,
        "name": "蒋艳艳"
    },
    {
        "group": 2,
        "name": "司徒纯钧"
    },
    {
        "group": 1,
        "name": "Fable",
        "comment": "世界上唯一的英雄主义，就是看清现实之后仍旧热爱生活！活着无法重来，那就尽全力过好剩余的人生"
    },
    {
        "group": 2,
        "name": "LienVictor"
    },
    {
        "group": 2,
        "name": "洛图"
    },
    {
        "group": 2,
        "name": "卑鄙的电波姬"
    },
    {
        "group": 2,
        "name": "银河小将"
    },
    {
        "group": 2,
        "name": "肯特叔叔"
    },
    {
        "group": 2,
        "name": "幻想进行"
    },
    {
        "group": 2,
        "name": "老咸鱼"
    },
    {
        "group": 2,
        "name": "B.X."
    },
    {
        "group": 2,
        "name": "七喜打倒雪碧"
    },
    {
        "group": 2,
        "name": "jev"
    },
    {
        "group": 1,
        "name": "吴老枸",
        "comment": "优秀的创意和作品值得被大家认识！作者加油！"
    },
    {
        "group": 2,
        "name": "Maple"
    },
    {
        "group": 2,
        "name": "42Q"
    },
    {
        "group": 2,
        "name": "伊藤泉"
    },
    {
        "group": 2,
        "name": "追梦绿"
    },
    {
        "group": 2,
        "name": "dwdww"
    },
    {
        "group": 2,
        "name": "何黄黄"
    },
    {
        "group": 2,
        "name": "李狗蛋76"
    },
    {
        "group": 1,
        "name": "巴普斯定理",
        "comment": "感谢你们的创意。"
    },
    {
        "group": 2,
        "name": "ZPEOVH"
    },
    {
        "group": 2,
        "name": "朦朧"
    },
    {
        "group": 1,
        "name": "柴来人",
        "comment": "希望独立游戏势头越来越好"
    },
    {
        "group": 2,
        "name": "OQ"
    },
    {
        "group": 2,
        "name": "三点多睡的"
    },
    {
        "group": 2,
        "name": "laodian_"
    },
    {
        "group": 2,
        "name": "涅逍遥"
    },
    {
        "group": 2,
        "name": "ryougi"
    },
    {
        "group": 2,
        "name": "railnoth"
    },
    {
        "group": 2,
        "name": "一点"
    },
    {
        "group": 2,
        "name": "白鲤"
    },
    {
        "group": 2,
        "name": "daydream2333"
    },
    {
        "group": 2,
        "name": "乔衡"
    },
    {
        "group": 2,
        "name": "神之领域"
    },
    {
        "group": 2,
        "name": "困爱揽典珈"
    },
    {
        "group": 2,
        "name": "灰孤逗"
    },
    {
        "group": 2,
        "name": "风滚草"
    },
    {
        "group": 2,
        "name": "两只鱼吃蛋挞"
    },
    {
        "group": 2,
        "name": "一般路过的咸鱼"
    },
    {
        "group": 2,
        "name": "Zero"
    },
    {
        "group": 2,
        "name": "摸鱼鱼F"
    },
    {
        "group": 2,
        "name": "虚空扛大总管"
    },
    {
        "group": 2,
        "name": "小张有点慌"
    },
    {
        "group": 2,
        "name": "李笑梦"
    },
    {
        "group": 1,
        "name": "小张有点慌吧",
        "comment": "这不比抽奖好玩？"
    },
    {
        "group": 2,
        "name": "没有儿孙我享福"
    },
    {
        "group": 2,
        "name": "转世渡劫一半嗝屁者"
    },
    {
        "group": 2,
        "name": "jerryxu"
    },
    {
        "group": 2,
        "name": "霜"
    },
    {
        "group": 2,
        "name": "芋头丶"
    },
    {
        "group": 2,
        "name": "墨繁星"
    },
    {
        "group": 2,
        "name": "弥撒"
    },
    {
        "group": 2,
        "name": "云中鹤"
    },
    {
        "group": 2,
        "name": "骆炎"
    },
    {
        "group": 2,
        "name": "TunaFish2K"
    },
    {
        "group": 2,
        "name": "刘洪"
    },
    {
        "group": 2,
        "name": "berry"
    },
    {
        "group": 2,
        "name": "持枪孤守长安"
    },
    {
        "group": 2,
        "name": "清风有绪忆江南"
    },
    {
        "group": 2,
        "name": "Mr.Nobody"
    },
    {
        "group": 1,
        "name": "爱发电用户_yqdg",
        "comment": "看似简单，创意不易。支持原创，走向远方"
    },
    {
        "group": 2,
        "name": "猫猫"
    },
    {
        "group": 2,
        "name": "截杀元婴大佬"
    },
    {
        "group": 2,
        "name": "不加的珠珠"
    },
    {
        "group": 2,
        "name": "上善若水煮汤圆"
    },
    {
        "group": 2,
        "name": "口袋王野"
    },
    {
        "group": 2,
        "name": "袜子兔"
    },
    {
        "group": 2,
        "name": "又怎样我同学"
    },
    {
        "group": 2,
        "name": "沉末DVD↑↑"
    },
    {
        "group": 2,
        "name": "爱加班的中矢建工"
    },
    {
        "group": 2,
        "name": "Ukomico"
    },
    {
        "group": 2,
        "name": "newnigh"
    },
    {
        "group": 2,
        "name": "asillynoob"
    },
    {
        "group": 2,
        "name": "芬爆"
    },
    {
        "group": 2,
        "name": "一世长安"
    },
    {
        "group": 2,
        "name": "妖怪蜀黍"
    },
    {
        "group": 2,
        "name": "我是谁"
    },
    {
        "group": 2,
        "name": "yzkrz"
    },
    {
        "group": 2,
        "name": "多某人lxd"
    },
    {
        "group": 2,
        "name": "猫猫猫毛多"
    },
    {
        "group": 2,
        "name": "冥苍"
    },
    {
        "group": 2,
        "name": "小崽崽"
    },
    {
        "group": 2,
        "name": "熊氏本"
    },
    {
        "group": 2,
        "name": "枫叶"
    },
    {
        "group": 2,
        "name": "timetorain"
    },
    {
        "group": 2,
        "name": "白竹"
    },
    {
        "group": 2,
        "name": "xingkonghod"
    },
    {
        "group": 2,
        "name": "hzk990929"
    },
    {
        "group": 2,
        "name": "TE49"
    },
    {
        "group": 2,
        "name": "南京林业大学"
    },
    {
        "group": 2,
        "name": "饭饭"
    },
    {
        "group": 2,
        "name": "沸腾的幻景"
    },
    {
        "group": 2,
        "name": "我是原P"
    },
    {
        "group": 2,
        "name": "天湮"
    },
    {
        "group": 2,
        "name": "荪"
    },
    {
        "group": 2,
        "name": "煮饭233"
    },
    {
        "group": 2,
        "name": "千里未来"
    },
    {
        "group": 2,
        "name": "haooo"
    },
    {
        "group": 2,
        "name": "闵佳瑶"
    },
    {
        "group": 2,
        "name": "阿婆朱"
    },
    {
        "group": 2,
        "name": "油腻的Wink😉"
    },
    {
        "group": 1,
        "name": "带你嫖娼的馆长",
        "comment": "支持国产游戏，吾辈义不容辞！————读完本科自称硕士的沙雕的高质量网友"
    },
    {
        "group": 2,
        "name": "Obento"
    },
    {
        "group": 2,
        "name": "银子舟"
    },
    {
        "group": 2,
        "name": "大户爱"
    },
    {
        "group": 2,
        "name": "冥渊"
    },
    {
        "group": 2,
        "name": "Tony"
    },
    {
        "group": 2,
        "name": "蜜汁帅气小彩蛋"
    },
    {
        "group": 2,
        "name": "abc"
    },
    {
        "group": 2,
        "name": "陌云铃"
    },
    {
        "group": 2,
        "name": "arT"
    },
    {
        "group": 2,
        "name": "忆丶醉"
    },
    {
        "group": 2,
        "name": "宇宙空间法师"
    },
    {
        "group": 2,
        "name": "玛瑙星mnx"
    },
    {
        "group": 2,
        "name": "幻海"
    },
    {
        "group": 2,
        "name": "陌云铃"
    },
    {
        "group": 2,
        "name": "Marvin"
    },
    {
        "group": 2,
        "name": "神烦"
    },
    {
        "group": 2,
        "name": "Joke"
    },
    {
        "group": 2,
        "name": "有酸萝卜别吃"
    },
    {
        "group": 2,
        "name": "m子会梦见花之暴君吗"
    },
    {
        "group": 1,
        "name": "刘云金",
        "comment": "我知道我们没有缘分，这也不是我想要的结果，事与愿违，曾经我们都想好好的，即使现在我也是想要跟你好好的，虽然你看不见，但还是想留下这么一句话（可能会有人看到会觉得挺可笑的 确实挺幼稚的）十年的恋情，不希望给你带来生活的压力， 希望你快快乐乐的 这也是我一直给你说的 也是一直希望的—GQQ"
    },
    {
        "group": 2,
        "name": "蟹老板的老公"
    },
    {
        "group": 2,
        "name": "小小书童"
    },
    {
        "group": 2,
        "name": "雪华",
        "color": "#00BFFF"
    },
    {
        "group": 2,
        "name": "嘉心糖"
    },
    {
        "group": 2,
        "name": "yeke"
    },
    {
        "group": 2,
        "name": "阿神"
    },
    {
        "group": 2,
        "name": "西瓜"
    },
    {
        "group": 2,
        "name": "幡因"
    },
    {
        "group": 2,
        "name": "logp"
    },
    {
        "group": 2,
        "name": "冷灯蔷薇"
    },
    {
        "group": 2,
        "name": "传说"
    },
    {
        "group": 2,
        "name": "罗马皇帝"
    },
    {
        "group": 2,
        "name": "观众老爷"
    },
    {
        "group": 2,
        "name": "ZZZZZF"
    },
    {
        "group": 2,
        "name": "GOC"
    },
    {
        "group": 2,
        "name": "方糖"
    },
    {
        "group": 2,
        "name": "弱骨"
    },
    {
        "group": 2,
        "name": "星三西米露"
    },
    {
        "group": 2,
        "name": "所行皆为何"
    },
    {
        "group": 1,
        "name": "D3AdCa7",
        "comment": "希望大家多多养猫，领养代替购买。"
    },
    {
        "group": 2,
        "name": "summall"
    },
    {
        "group": 2,
        "name": "句号"
    },
    {
        "group": 2,
        "name": "温情大白"
    },
    {
        "group": 1,
        "name": "Amomia",
        "comment": "【前排征婚】"
    },
    {
        "group": 2,
        "name": "禾Ray"
    },
    {
        "group": 2,
        "name": "惜源"
    },
    {
        "group": 2,
        "name": "阿迟迟迟"
    },
    {
        "group": 2,
        "name": "男魔仙"
    },
    {
        "group": 1,
        "name": "纱布Sa_Official",
        "comment": "游戏可以无限重开，可惜人生不能——活着吧，活着总比死了强。",
        "color": "#99ff99"
    },
    {
        "group": 2,
        "name": "什么时候君士坦丁十一世如闪电般归来"
    },
    {
        "group": 2,
        "name": "黑白猪M82"
    },
    {
        "group": 2,
        "name": "社畜"
    },
    {
        "group": 2,
        "name": "isarr"
    },
    {
        "group": 2,
        "name": "我和你一起爱左蓝"
    },
    {
        "group": 2,
        "name": "早啊"
    },
    {
        "group": 1,
        "name": "谢肥哥救我狗命",
        "comment": "如果可以的话希望人生重开后还能遇到你们",
        "color": "red"
    },
    {
        "group": 2,
        "name": "清影昏"
    },
    {
        "group": 2,
        "name": "散修少年"
    },
    {
        "group": 2,
        "name": "墨某"
    },
    {
        "group": 2,
        "name": "Eresh"
    },
    {
        "group": 2,
        "name": "ainavol"
    },
    {
        "group": 2,
        "name": "不识周树人"
    },
    {
        "group": 2,
        "name": "坠星灬追月"
    },
    {
        "group": 2,
        "name": "juvucuc"
    },
    {
        "group": 2,
        "name": "深秋的七宗罪"
    },
    {
        "group": 2,
        "name": "淋漓雨声"
    },
    {
        "group": 2,
        "name": "废柴呀"
    },
    {
        "group": 2,
        "name": "天林灵"
    },
    {
        "group": 1,
        "name": "钱白安",
        "comment": "姬子，不论重生多长次，我都等你回来。"
    },
    {
        "group": 2,
        "name": "王牛子"
    },
    {
        "group": 2,
        "name": "dis114"
    },
    {
        "group": 2,
        "name": "顺其自然"
    },
    {
        "group": 2,
        "name": "Linkanin"
    },
    {
        "group": 2,
        "name": "最佳演员路人甲"
    },
    {
        "group": 2,
        "name": "隐身。"
    },
    {
        "group": 2,
        "name": "熊爷"
    },
    {
        "group": 1,
        "name": "彼岸星霜",
        "comment": "为策划的脑洞和程序的脑细胞+发际线，干杯！"
    },
    {
        "group": 2,
        "name": "小沈0421"
    },
    {
        "group": 2,
        "name": "Dorado"
    },
    {
        "group": 1,
        "name": "小糊涂仙",
        "comment": "策划让我写一句话"
    },
    {
        "group": 2,
        "name": "离淘气"
    },
    {
        "group": 2,
        "name": "沐离"
    },
    {
        "group": 2,
        "name": "朕"
    },
    {
        "group": 1,
        "name": "Q",
        "comment": "If what you need didn't exist. just create it."
    },
    {
        "group": 2,
        "name": "五彩鸿鹄",
        "color": "#00ff00"
    },
    {
        "group": 2,
        "name": "红烧二花肉"
    },
    {
        "group": 2,
        "name": "顾熙豪"
    },
    {
        "group": 2,
        "name": "错过开关"
    },
    {
        "group": 2,
        "name": "飞鸟掌门"
    },
    {
        "group": 2,
        "name": "煮酒醉月"
    },
    {
        "group": 2,
        "name": "汉墨明华"
    },
    {
        "group": 2,
        "name": "人未尽”"
    },
    {
        "group": 2,
        "name": "卡纸129"
    },
    {
        "group": 2,
        "name": "shiny"
    },
    {
        "group": 2,
        "name": "Elina"
    },
    {
        "group": 2,
        "name": "钟离"
    },
    {
        "group": 2,
        "name": "IMFAH"
    },
    {
        "group": 2,
        "name": "Noah"
    },
    {
        "group": 2,
        "name": "桃酥"
    },
    {
        "group": 2,
        "name": "晨露微凉暮流光"
    },
    {
        "group": 2,
        "name": "若酷"
    },
    {
        "group": 2,
        "name": "剑绝轩"
    },
    {
        "group": 2,
        "name": "……"
    },
    {
        "group": 2,
        "name": "嘉然🥰我的嘉然🥰🥰"
    },
    {
        "group": 2,
        "name": "卡尔西尔兰"
    },
    {
        "group": 2,
        "name": "sbhehe"
    },
    {
        "group": 2,
        "name": "我永远喜欢阎魔爱"
    },
    {
        "group": 2,
        "name": "Achi-27"
    },
    {
        "group": 2,
        "name": "小僵尸是吃了跳跳糖么"
    },
    {
        "group": 2,
        "name": "Muse"
    },
    {
        "group": 2,
        "name": "Cxyfu"
    },
    {
        "group": 2,
        "name": "王柯南"
    },
    {
        "group": 1,
        "name": "NIRVANA",
        "comment": "加拿大刘亦菲Regina"
    },
    {
        "group": 2,
        "name": "天边最远的云"
    },
    {
        "group": 2,
        "name": "路缃笺"
    },
    {
        "group": 2,
        "name": "酸菜鱼不酸嘴"
    },
    {
        "group": 2,
        "name": "change-qrj"
    },
    {
        "group": 2,
        "name": "咸鱼粥"
    },
    {
        "group": 2,
        "name": "kkkm"
    },
    {
        "group": 2,
        "name": "夏矢"
    },
    {
        "group": 1,
        "name": "Iceking233",
        "comment": "功夫不负有心人，8小时的执念，转世飞升，修仙之路漫漫，望道友们不要放弃"
    },
    {
        "group": 1,
        "name": "修罗",
        "comment": "祝愿游戏越做越好！"
    },
    {
        "group": 2,
        "name": " Fish_Bubble"
    },
    {
        "group": 2,
        "name": "不用睡觉的柚子大魔王"
    },
    {
        "group": 2,
        "name": "梁开心",
        "color": "#8600FF"
    },
    {
        "group": 2,
        "name": "KYLE"
    },
    {
        "group": 2,
        "name": "孜然酥皮鸡"
    },
    {
        "group": 2,
        "name": "wujiongyu"
    },
    {
        "group": 2,
        "name": "加油站"
    },
    {
        "group": 2,
        "name": "怪物叔叔"
    },
    {
        "group": 2,
        "name": "忽忽"
    },
    {
        "group": 2,
        "name": "生生长流"
    },
    {
        "group": 2,
        "name": "雨過の天晴"
    },
    {
        "group": 2,
        "name": "番茄芥末酱"
    },
    {
        "group": 2,
        "name": "奈何"
    },
    {
        "group": 2,
        "name": "青柠微凉"
    },
    {
        "group": 2,
        "name": "阿三盖饭"
    },
    {
        "group": 2,
        "name": "許諾"
    },
    {
        "group": 2,
        "name": "藤和艾莉欧"
    },
    {
        "group": 2,
        "name": "酷酷的内内"
    },
    {
        "group": 2,
        "name": "小小小小冰冰"
    },
    {
        "group": 1,
        "name": "kinko668",
        "comment": "游戏可以无数次重来，但人生不行"
    },
    {
        "group": 2,
        "name": "大芋头"
    },
    {
        "group": 2,
        "name": "向日出许愿"
    },
    {
        "group": 2,
        "name": "低调De张扬"
    },
    {
        "group": 2,
        "name": "TY"
    },
    {
        "group": 2,
        "name": "不说不懂"
    },
    {
        "group": 2,
        "name": "熊公子"
    },
    {
        "group": 2,
        "name": "璇瑰"
    },
    {
        "group": 2,
        "name": "amisa_"
    },
    {
        "group": 2,
        "name": "白讫"
    },
    {
        "group": 2,
        "name": "yaginya"
    },
    {
        "group": 2,
        "name": "关注嘉然，顿顿解馋❤️"
    },
    {
        "group": 1,
        "name": "暮",
        "comment": "希望文字游戏越做越好 希望策划多多加班"
    },
    {
        "group": 2,
        "name": "超级无敌暴龙战士"
    },
    {
        "group": 2,
        "name": "有梦人天涯若比邻"
    },
    {
        "group": 1,
        "name": "bearandog",
        "comment": "平平安安发大财"
    },
    {
        "group": 2,
        "name": "小乔的合法老公"
    },
    {
        "group": 2,
        "name": "超级无敌暴龙战士"
    },
    {
        "group": 2,
        "name": "希月"
    },
    {
        "group": 2,
        "name": "不務正业"
    },
    {
        "group": 2,
        "name": "咸鱼"
    },
    {
        "group": 2,
        "name": "小猪"
    },
    {
        "group": 2,
        "name": "tatame"
    },
    {
        "group": 2,
        "name": "子陆"
    },
    {
        "group": 1,
        "name": "老亚瑟",
        "comment": "请你们吃一些有肉的"
    },
    {
        "group": 2,
        "name": "東雪蓮official"
    },
    {
        "group": 2,
        "name": "徐小通"
    },
    {
        "group": 2,
        "name": "ArkzyF"
    },
    {
        "group": 1,
        "name": "V",
        "comment": "我喜欢吉林大学生命科学学院的袁嘉蔚！"
    },
    {
        "group": 2,
        "name": "烧酒"
    },
    {
        "group": 2,
        "name": "Persona"
    },
    {
        "group": 2,
        "name": "肯特叔叔"
    },
    {
        "group": 2,
        "name": "从从从从从心丶"
    },
    {
        "group": 2,
        "name": "亚瑟王"
    },
    {
        "group": 2,
        "name": "皮爹万岁",
        "color": "yellow"
    },
    {
        "group": 2,
        "name": "黑暗红茶"
    },
    {
        "group": 2,
        "name": "麒麟游"
    },
    {
        "group": 2,
        "name": "小破孩儿"
    },
    {
        "group": 2,
        "name": "蓬莱人形",
        "color": "#5fa371"
    },
    {
        "group": 2,
        "name": "就叫小星星呀"
    },
    {
        "group": 2,
        "name": "Grayblur"
    },
    {
        "group": 2,
        "name": "Harry"
    },
    {
        "group": 2,
        "name": "大琛哥"
    },
    {
        "group": 2,
        "name": "晚来天欲雪"
    },
    {
        "group": 2,
        "name": "gameislife@gmail.com"
    },
    {
        "group": 2,
        "name": "水易Nico"
    },
    {
        "group": 2,
        "name": "正版游戏受害者"
    },
    {
        "group": 2,
        "name": "汤路易"
    },
    {
        "group": 2,
        "name": "狐西西财团"
    },
    {
        "group": 2,
        "name": "佐克洛邦"
    },
    {
        "group": 2,
        "name": "墨鸿苍穹"
    },
    {
        "group": 2,
        "name": "佚名"
    },
    {
        "group": 2,
        "name": "zhongyang"
    },
    {
        "group": 1,
        "name": "狂啸",
        "comment": "游戏很有创意，也感觉很有深度加油吧，看好你们",
        "color": "#23238E"
    },
    {
        "group": 2,
        "name": "LoZo"
    },
    {
        "group": 2,
        "name": "七年"
    },
    {
        "group": 2,
        "name": "爱静静"
    },
    {
        "group": 2,
        "name": "一只海狗",
        "color": "yellow"
    },
    {
        "group": 2,
        "name": "六元首冲党"
    },
    {
        "group": 1,
        "name": 611,
        "comment": "缅怀过去，把握现在，展望未来"
    },
    {
        "group": 2,
        "name": "Jojo"
    },
    {
        "group": 2,
        "name": "77是憨批",
        "color": "#ea66a6"
    },
    {
        "group": 2,
        "name": "wxz"
    },
    {
        "group": 2,
        "name": "小鸡炖蘑菇"
    },
    {
        "group": 2,
        "name": "Shouyuko",
        "color": "#9370DB"
    },
    {
        "group": 1,
        "name": "Trigger.",
        "comment": "好好面对你那操蛋的人生。",
        "color": "#06C"
    },
    {
        "group": 2,
        "name": "斯大巴克斯"
    },
    {
        "group": 2,
        "name": "甜葱"
    },
    {
        "group": 2,
        "name": "颈椎病"
    },
    {
        "group": 2,
        "name": "xp"
    },
    {
        "group": 2,
        "name": "圆果团子"
    },
    {
        "group": 2,
        "name": "神之领域"
    },
    {
        "group": 2,
        "name": "西域刀客"
    },
    {
        "group": 2,
        "name": "书签"
    },
    {
        "group": 2,
        "name": "轩尘"
    },
    {
        "group": 1,
        "name": "正牌孟岩様",
        "comment": "如果真能重来的话……"
    },
    {
        "group": 2,
        "name": "王杰文"
    },
    {
        "group": 2,
        "name": "Kevin Lu"
    },
    {
        "group": 2,
        "name": "赵发红"
    },
    {
        "group": 2,
        "name": "黑衣人"
    },
    {
        "group": 2,
        "name": "你的粉丝"
    },
    {
        "group": 2,
        "name": "有林啊.",
        "color": "red"
    },
    {
        "group": 2,
        "name": "渡鸦"
    },
    {
        "group": 2,
        "name": "犽犽超级喜欢赫尔"
    },
    {
        "group": 2,
        "name": "绕圈跑"
    },
    {
        "group": 2,
        "name": "董研策"
    },
    {
        "group": 2,
        "name": "口爆青年"
    },
    {
        "group": 2,
        "name": "导师田斌"
    },
    {
        "group": 2,
        "name": "轩"
    },
    {
        "group": 2,
        "name": "Zicade"
    },
    {
        "group": 2,
        "name": "墨繁星"
    },
    {
        "group": 2,
        "name": "桑杰"
    },
    {
        "group": 2,
        "name": "一只程序猿"
    },
    {
        "group": 1,
        "name": "俗人",
        "comment": "来自S8B515宿舍的支持😉"
    },
    {
        "group": 1,
        "name": "DreamRide",
        "comment": "人不如意十八九"
    },
    {
        "group": 2,
        "name": "嘉心糖"
    },
    {
        "group": 2,
        "name": "孙铭钰"
    },
    {
        "group": 2,
        "name": "吉吉"
    },
    {
        "group": 2,
        "name": "贾贾"
    },
    {
        "group": 2,
        "name": "中年危机陈西西"
    },
    {
        "group": 2,
        "name": "宇宙房地产大亨弗利萨"
    },
    {
        "group": 2,
        "name": "你的薛爸爸"
    },
    {
        "group": 2,
        "name": "妖怪蜀黍"
    },
    {
        "group": 2,
        "name": "刘沈钧"
    },
    {
        "group": 2,
        "name": "饭饭"
    },
    {
        "group": 2,
        "name": "加利斯"
    },
    {
        "group": 2,
        "name": "滑稽拌饭"
    },
    {
        "group": 2,
        "name": "敖鹏柽"
    },
    {
        "group": 2,
        "name": "张逸尘"
    },
    {
        "group": 2,
        "name": "红茶坊"
    },
    {
        "group": 2,
        "name": "小灰"
    },
    {
        "group": 2,
        "name": "七海Nana7mi",
        "color": "#ff70cb"
    },
    {
        "group": 2,
        "name": "松松小笨蛋"
    },
    {
        "group": 1,
        "name": "NeroCloud",
        "comment": "挺好玩的小游戏"
    },
    {
        "group": 2,
        "name": "策划大大的大跌"
    },
    {
        "group": 2,
        "name": "tiny cherry petal"
    },
    {
        "group": 2,
        "name": "啊哈哈"
    },
    {
        "group": 2,
        "name": "多多"
    },
    {
        "group": 2,
        "name": "般若鬼面 ",
        "color": "#921AFF"
    },
    {
        "group": 2,
        "name": "璟年"
    },
    {
        "group": 2,
        "name": "FAY"
    },
    {
        "group": 2,
        "name": "干死黄旭东"
    },
    {
        "group": 2,
        "name": "五胖是真的"
    },
    {
        "group": 2,
        "name": "狗贼给箱子"
    },
    {
        "group": 2,
        "name": "尹东洋"
    },
    {
        "group": 2,
        "name": "红阳"
    },
    {
        "group": 2,
        "name": "barusamikosu"
    },
    {
        "group": 2,
        "name": "小保安"
    },
    {
        "group": 2,
        "name": "Tony"
    },
    {
        "group": 2,
        "name": "戒（ ）"
    },
    {
        "group": 2,
        "name": "下半鸭"
    },
    {
        "group": 2,
        "name": "Xiaosaye"
    },
    {
        "group": 2,
        "name": "NAKAS"
    },
    {
        "group": 2,
        "name": "icefrog"
    },
    {
        "group": 2,
        "name": "南怪"
    },
    {
        "group": 2,
        "name": "梁一斤"
    },
    {
        "group": 2,
        "name": "熊公子nice哥"
    },
    {
        "group": 2,
        "name": "徙南"
    },
    {
        "group": 2,
        "name": "粟粟"
    },
    {
        "group": 2,
        "name": "王哲"
    },
    {
        "group": 2,
        "name": "HPENG"
    },
    {
        "group": 2,
        "name": "残梦空恨"
    },
    {
        "group": 2,
        "name": "测试名字的长度"
    },
    {
        "group": 2,
        "name": "夏吉野"
    },
    {
        "group": 2,
        "name": "你的名字"
    },
    {
        "group": 2,
        "name": "幻想丶当时"
    },
    {
        "group": 2,
        "name": "琦琦"
    },
    {
        "group": 2,
        "name": "执笔诉情"
    },
    {
        "group": 2,
        "name": "陈声"
    },
    {
        "group": 2,
        "name": "恶魔在右丷"
    },
    {
        "group": 2,
        "name": "苏苏",
        "color": "pink"
    },
    {
        "group": 2,
        "name": "哈哈和大叔"
    },
    {
        "group": 2,
        "name": "攀大大"
    },
    {
        "group": 2,
        "name": "电饭锅"
    },
    {
        "group": 2,
        "name": "梦鼠"
    },
    {
        "group": 2,
        "name": "Nicc宇"
    },
    {
        "group": 2,
        "name": "断开的胖达"
    },
    {
        "group": 2,
        "name": "小葛"
    },
    {
        "group": 1,
        "name": "Flamingo",
        "comment": "聊表心意"
    },
    {
        "group": 2,
        "name": "叁叁得玖"
    },
    {
        "group": 2,
        "name": "不知名的小秘书"
    },
    {
        "group": 2,
        "name": "汉水云端"
    },
    {
        "group": 2,
        "name": "臣又贝"
    },
    {
        "group": 2,
        "name": "无"
    },
    {
        "group": 2,
        "name": "大猫先生"
    },
    {
        "group": 2,
        "name": "奔波霸丶霸波奔"
    },
    {
        "group": 2,
        "name": "独一の宠"
    },
    {
        "group": 2,
        "name": "错过了就是一辈子"
    },
    {
        "group": 2,
        "name": "惶恐的方糖"
    },
    {
        "group": 2,
        "name": "孙大侠"
    },
    {
        "group": 2,
        "name": "黄庆喜"
    },
    {
        "group": 2,
        "name": "kululu"
    },
    {
        "group": 2,
        "name": "一坪海岸线"
    },
    {
        "group": 2,
        "name": "旧光影里的乔乔"
    },
    {
        "group": 2,
        "name": "伊夫洋"
    },
    {
        "group": 2,
        "name": "罗马皇帝"
    },
    {
        "group": 1,
        "name": "享年18",
        "comment": "多多完善"
    },
    {
        "group": 2,
        "name": "阿一"
    },
    {
        "group": 2,
        "name": "一一"
    },
    {
        "group": 2,
        "name": "summall"
    },
    {
        "group": 2,
        "name": "咸鱼菌"
    },
    {
        "group": 2,
        "name": "帅哥恒"
    },
    {
        "group": 2,
        "name": "想当策划大大的大跌"
    },
    {
        "group": 2,
        "name": "乱命割杀打!!"
    },
    {
        "group": 2,
        "name": "天辰星雪"
    },
    {
        "group": 2,
        "name": "凯尘"
    },
    {
        "group": 2,
        "name": "一只卑微想活下去的孩子"
    },
    {
        "group": 2,
        "name": "余栀"
    },
    {
        "group": 2,
        "name": "球帝-一杆清场"
    },
    {
        "group": 2,
        "name": "徐振恒"
    },
    {
        "group": 2,
        "name": "Ys"
    },
    {
        "group": 2,
        "name": "苟且"
    },
    {
        "group": 2,
        "name": "MegaCoder"
    },
    {
        "group": 2,
        "name": "咕噜录喜欢玩"
    },
    {
        "group": 2,
        "name": 55,
        "color": "#212832"
    },
    {
        "group": 2,
        "name": "音无彩名"
    },
    {
        "group": 2,
        "name": "最爱奶瓶的憨憨"
    },
    {
        "group": 2,
        "name": "小企鹅鱼"
    },
    {
        "group": 2,
        "name": "百化🤤 我的百化🤤"
    },
    {
        "group": 2,
        "name": "estel"
    },
    {
        "group": 2,
        "name": "半途废物"
    },
    {
        "group": 2,
        "name": "六一是个好日子"
    },
    {
        "group": 2,
        "name": "宁缺"
    },
    {
        "group": 2,
        "name": "跑路的贤者之石"
    },
    {
        "group": 2,
        "name": "二浪"
    },
    {
        "group": 2,
        "name": "zmz西内"
    },
    {
        "group": 2,
        "name": "探知"
    },
    {
        "group": 2,
        "name": "嘉然今天吃什么"
    },
    {
        "group": 2,
        "name": "一下又一夏"
    },
    {
        "group": 2,
        "name": "凤尔文"
    },
    {
        "group": 2,
        "name": "梦里千寻狐狸"
    },
    {
        "group": 2,
        "name": "Venividivici"
    },
    {
        "group": 2,
        "name": "石头门天下第一"
    },
    {
        "group": 2,
        "name": "哇啦"
    },
    {
        "group": 2,
        "name": "metarm"
    },
    {
        "group": 2,
        "name": "战地流星"
    },
    {
        "group": 2,
        "name": "韩冈"
    },
    {
        "group": 2,
        "name": "一洛liquor"
    },
    {
        "group": 2,
        "name": "明明杰"
    },
    {
        "group": 2,
        "name": "锅包肉"
    },
    {
        "group": 2,
        "name": "上杉绘梨衣"
    },
    {
        "group": 2,
        "name": "闇夜無白",
        "color": "#B15BFF"
    },
    {
        "group": 2,
        "name": "DRT"
    },
    {
        "group": 2,
        "name": "熊猫菌",
        "color": "#622D85"
    },
    {
        "group": 2,
        "name": "黄非红"
    },
    {
        "group": 2,
        "name": "xiadada2333"
    },
    {
        "group": 2,
        "name": "杨二傻"
    },
    {
        "group": 2,
        "name": "最平淡"
    },
    {
        "group": 2,
        "name": "我敲腻害ii"
    },
    {
        "group": 2,
        "name": "西楚棋待诏"
    },
    {
        "group": 2,
        "name": "一个不想活的太烂的人"
    },
    {
        "group": 2,
        "name": "阿斯巴甜_"
    },
    {
        "group": 2,
        "name": "隐身。"
    },
    {
        "group": 2,
        "name": "Unseptbium"
    },
    {
        "group": 2,
        "name": "恶魔"
    },
    {
        "group": 2,
        "name": "Fitgor"
    },
    {
        "group": 2,
        "name": "车八戒"
    },
    {
        "group": 2,
        "name": "DELEAN"
    },
    {
        "group": 2,
        "name": "慕容佳佳"
    },
    {
        "group": 2,
        "name": "五彩鸿鹄",
        "color": "#00ff00"
    },
    {
        "group": 2,
        "name": "陈先森"
    },
    {
        "group": 2,
        "name": "wsq"
    },
    {
        "group": 2,
        "name": "Ike"
    },
    {
        "group": 2,
        "name": "chensc"
    },
    {
        "group": 2,
        "name": "于星橦娇妻"
    },
    {
        "group": 2,
        "name": "凡鱼"
    },
    {
        "group": 2,
        "name": "Ts"
    },
    {
        "group": 2,
        "name": "qt"
    },
    {
        "group": 2,
        "name": "王小瓶"
    },
    {
        "group": 2,
        "name": "红烧二花肉"
    },
    {
        "group": 2,
        "name": "废土战狼"
    },
    {
        "group": 2,
        "name": "飞鸟"
    },
    {
        "group": 2,
        "name": "Caesar"
    },
    {
        "group": 2,
        "name": "张凯"
    },
    {
        "group": 2,
        "name": "宅男阿海"
    },
    {
        "group": 2,
        "name": "程蝶衣"
    },
    {
        "group": 2,
        "name": "八千"
    },
    {
        "group": 2,
        "name": "b 安贝慧",
        "comment": "  "
    },
    {
        "group": 2,
        "name": "Alex"
    },
    {
        "group": 2,
        "name": "呼噜呼噜"
    },
    {
        "group": 2,
        "name": "解无明"
    },
    {
        "group": 2,
        "name": "千鹤"
    },
    {
        "group": 2,
        "name": "zeqing"
    },
    {
        "group": 1,
        "name": "Si_X:",
        "comment": "社畜一枚，玩着你们的游戏睡着了，我做了一个梦，这个梦真的很美，谢谢"
    },
    {
        "group": 2,
        "name": "不喜欢甜的"
    },
    {
        "group": 2,
        "name": "晓危"
    },
    {
        "group": 2,
        "name": "毛虫哥哥"
    },
    {
        "group": 2,
        "name": "佚名"
    },
    {
        "group": 1,
        "name": "听风忆雪",
        "comment": "搞死我了",
        "color": "#4169E1"
    },
    {
        "group": 2,
        "name": "老郑"
    },
    {
        "group": 2,
        "name": "太帅很苦恼"
    },
    {
        "group": 2,
        "name": "巴音"
    },
    {
        "group": 2,
        "name": "张鑫宇"
    },
    {
        "group": 2,
        "name": "zpdma"
    },
    {
        "group": 2,
        "name": "cknrsz"
    },
    {
        "group": 2,
        "name": "沈航计算机@526室"
    },
    {
        "group": 2,
        "name": "llidds"
    },
    {
        "group": 1,
        "name": "不言而言",
        "comment": "花生、饮料、矿泉水！前边的腿让一让！"
    },
    {
        "group": 2,
        "name": "盘锦大汉"
    },
    {
        "group": 2,
        "name": "我是不白嫖"
    },
    {
        "group": 2,
        "name": "Alkahest"
    },
    {
        "group": 2,
        "name": "想喝胡辣汤"
    },
    {
        "group": 2,
        "name": "**"
    },
    {
        "group": 2,
        "name": "7akum1"
    },
    {
        "group": 2,
        "name": "暗夜星辰"
    },
    {
        "group": 2,
        "name": "迷路的狗剩"
    },
    {
        "group": 2,
        "name": "鎂光光同志"
    },
    {
        "group": 2,
        "name": "Jay"
    },
    {
        "group": 2,
        "name": "Jaclhui"
    },
    {
        "group": 2,
        "name": "PePsiBoy"
    },
    {
        "group": 2,
        "name": "龙野"
    },
    {
        "group": 2,
        "name": "小怪兽"
    },
    {
        "group": 2,
        "name": "阿毛"
    },
    {
        "group": 2,
        "name": "空想"
    },
    {
        "group": 2,
        "name": "柯柯kkk"
    },
    {
        "group": 2,
        "name": "匣里虫吟"
    },
    {
        "group": 2,
        "name": "LeBron James"
    },
    {
        "group": 2,
        "name": "九转大能"
    },
    {
        "group": 2,
        "name": "我永远喜欢月火"
    },
    {
        "group": 2,
        "name": "天下一凡"
    },
    {
        "group": 2,
        "name": "Koko"
    },
    {
        "group": 2,
        "name": "你的名字"
    },
    {
        "group": 2,
        "name": "中远海控"
    },
    {
        "group": 2,
        "name": "白夜"
    },
    {
        "group": 2,
        "name": "落叶"
    },
    {
        "group": 1,
        "name": "胖熊",
        "comment": "我爱你，但是我决定放弃你"
    },
    {
        "group": 2,
        "name": "嗯哼"
    },
    {
        "group": 1,
        "name": "叫我阿玮就好",
        "comment": "杨咩咩同学，重生千百万次，只为与你重逢"
    },
    {
        "group": 2,
        "name": "Tinylucky"
    },
    {
        "group": 2,
        "name": "沈峤"
    },
    {
        "group": 2,
        "name": "兮渠夂涞"
    },
    {
        "group": 2,
        "name": "Rechard"
    },
    {
        "group": 2,
        "name": "上班饭困"
    },
    {
        "group": 2,
        "name": "姜瑾",
        "color": "pink"
    },
    {
        "group": 2,
        "name": "bart的奇妙冒险"
    },
    {
        "group": 2,
        "name": "江雾"
    },
    {
        "group": 2,
        "name": "白"
    },
    {
        "group": 2,
        "name": "羽洛"
    },
    {
        "group": 2,
        "name": "齐"
    },
    {
        "group": 2,
        "name": "李俊宏"
    },
    {
        "group": 2,
        "name": "wujiongyu"
    },
    {
        "group": 2,
        "name": "泰迪上仙"
    },
    {
        "group": 2,
        "name": "我愿称你为最卷"
    },
    {
        "group": 2,
        "name": "路过的迦勒底御主"
    },
    {
        "group": 2,
        "name": "长生"
    },
    {
        "group": 2,
        "name": "孙慧扬"
    },
    {
        "group": 2,
        "name": "雾"
    },
    {
        "group": 2,
        "name": "？"
    },
    {
        "group": 2,
        "name": "圆月行人"
    },
    {
        "group": 2,
        "name": "特特"
    },
    {
        "group": 2,
        "name": "上帝的骰子"
    },
    {
        "group": 2,
        "name": "Eric Chan"
    },
    {
        "group": 2,
        "name": "悠游",
        "color": "#ffff33"
    },
    {
        "group": 2,
        "name": "璐璐"
    },
    {
        "group": 2,
        "name": "墨雨如烟"
    },
    {
        "group": 2,
        "name": "晓得小(❀｣╹□╹)｣*･",
        "color": "#fdc6d9"
    },
    {
        "group": 2,
        "name": "御坂10714"
    },
    {
        "group": 2,
        "name": "灿灿紫薇"
    },
    {
        "group": 2,
        "name": "城北徐公"
    },
    {
        "group": 2,
        "name": "盒子精"
    },
    {
        "group": 2,
        "name": "璇瑰"
    },
    {
        "group": 2,
        "name": "distern"
    },
    {
        "group": 2,
        "name": "菌君"
    },
    {
        "group": 2,
        "name": "老干部瓦斯科"
    },
    {
        "group": 2,
        "name": "悟虚"
    }
]